video_uuid,chunk_uuid
1a403451-02a2-4675-b725-99b24d7e700b,94a96fbc-7549-476b-a221-f26ef979558b
1a403451-02a2-4675-b725-99b24d7e700b,027c3dc2-4e9d-498b-8584-953a14f95435
1a403451-02a2-4675-b725-99b24d7e700b,e2a694b1-9e22-4442-b10e-f0abe5af1260
1a403451-02a2-4675-b725-99b24d7e700b,a0712011-5d07-4c30-a5ac-1f207ac6c1ae
1a403451-02a2-4675-b725-99b24d7e700b,f1240c2e-25e5-42ae-9b5b-7c7f4d91aea9
1a403451-02a2-4675-b725-99b24d7e700b,114f40cf-f0fa-4b60-87a0-f12c101e0b31
1a403451-02a2-4675-b725-99b24d7e700b,52661897-813b-48d5-b7ee-2569bdfa00c4
1a403451-02a2-4675-b725-99b24d7e700b,c0ee03b8-b57d-453c-9bbf-ffa1f056b418
1a403451-02a2-4675-b725-99b24d7e700b,42c9cd83-9bf7-4d32-b2b4-683b15a93bd2
1a403451-02a2-4675-b725-99b24d7e700b,9ec39ff1-b535-4daa-90a4-2421b9d67d52
1a403451-02a2-4675-b725-99b24d7e700b,5ab7db2d-b29b-4dc6-bcbb-a2774a73081e
1a403451-02a2-4675-b725-99b24d7e700b,d4acb3ed-654d-4d2d-a788-da3d0bf7f498
1a403451-02a2-4675-b725-99b24d7e700b,244181c8-a350-4cba-9f7f-a32796068cf9
1a403451-02a2-4675-b725-99b24d7e700b,b9ecd13c-e76b-4a72-a887-ded23ef89e1f
1a403451-02a2-4675-b725-99b24d7e700b,da726fd2-061c-4d01-808b-a15fefe89a29
1a403451-02a2-4675-b725-99b24d7e700b,ccd4a46f-189e-461f-8064-294a07802d34
1a403451-02a2-4675-b725-99b24d7e700b,f63fb032-e699-4afe-a62e-e31877a0b57e
1a403451-02a2-4675-b725-99b24d7e700b,07d3cf08-efa3-4f27-9454-9d0d9626d52c
1a403451-02a2-4675-b725-99b24d7e700b,4050b3eb-e60e-4a57-8c28-09ad536d10ba
1a403451-02a2-4675-b725-99b24d7e700b,dfc8e9a1-e28e-4f50-ab6a-a8419c70a598
1a403451-02a2-4675-b725-99b24d7e700b,91bc41ed-98f9-43fb-a31e-f3d12cfc9d8b
7dabe521-fdf0-47c7-8981-45697ce213cb,572b9eb5-8f14-469c-8ba3-bf4a355d3331
7dabe521-fdf0-47c7-8981-45697ce213cb,23e9b875-196e-4754-906b-2105982f8ad3
7dabe521-fdf0-47c7-8981-45697ce213cb,1929cdc8-32ef-4d3f-9836-c50bd4f3cd72
7dabe521-fdf0-47c7-8981-45697ce213cb,7000703b-f912-47c4-8f58-be329463d8a6
7dabe521-fdf0-47c7-8981-45697ce213cb,19dd24f4-5200-47c5-9737-8dd69799fa7f
7dabe521-fdf0-47c7-8981-45697ce213cb,a3cdcd2c-8bdc-4493-aa19-fa98e653f98a
7dabe521-fdf0-47c7-8981-45697ce213cb,1d3b68b6-3893-42fb-92c4-e94430d1ce6e
7dabe521-fdf0-47c7-8981-45697ce213cb,347d4e6e-287e-4676-a96e-d52cb9d2c431
7dabe521-fdf0-47c7-8981-45697ce213cb,763f6b1f-a82f-429a-88fa-94da68106936
7dabe521-fdf0-47c7-8981-45697ce213cb,89c96eef-d50c-46d1-8c40-350aa19072a6
7dabe521-fdf0-47c7-8981-45697ce213cb,f2082822-3b70-4b06-9c6e-a0d03d0bb6c0
7dabe521-fdf0-47c7-8981-45697ce213cb,c834c2c0-16d2-46a6-a3ad-2f15ff985697
7dabe521-fdf0-47c7-8981-45697ce213cb,688a6e0d-7a1b-4bc8-b33a-2a08a7f15f64
7dabe521-fdf0-47c7-8981-45697ce213cb,af267106-79c3-490e-b000-89b2768702ff
7dabe521-fdf0-47c7-8981-45697ce213cb,6662095b-fe71-4b7f-af7a-1872a2c1e27b
f4b16706-957f-4c32-b84f-85ecdf771acb,0e25d93b-5ede-459e-9dc5-9942da610332
f4b16706-957f-4c32-b84f-85ecdf771acb,4f5e744a-4a40-4f4c-b4bb-b77818b2c5b0
f4b16706-957f-4c32-b84f-85ecdf771acb,97b81c22-a127-4155-8d61-57943c91780e
f4b16706-957f-4c32-b84f-85ecdf771acb,e9603bf1-4213-4fe1-81ed-0e4a6d47ded5
f4b16706-957f-4c32-b84f-85ecdf771acb,380b0a53-b63b-4b08-af14-9a783de1680b
f4b16706-957f-4c32-b84f-85ecdf771acb,4d714e2a-4b97-479b-9c0f-e02895926499
f4b16706-957f-4c32-b84f-85ecdf771acb,035a40d5-b9fe-4266-a8c1-09e383f645f4
f4b16706-957f-4c32-b84f-85ecdf771acb,4ea331e8-7d47-4fe9-b137-6c075083ddca
f4b16706-957f-4c32-b84f-85ecdf771acb,bdaf5adf-93dc-4b35-8443-96bd23e97395
f4b16706-957f-4c32-b84f-85ecdf771acb,c2472c8b-a6f1-4b2f-b441-09997d2717be
b3034e6f-ce22-4ddc-8096-ccae0bb549db,e608165d-1085-4555-9ef2-9bcfd77e6bd6
b3034e6f-ce22-4ddc-8096-ccae0bb549db,fad40a43-37fe-40c6-94a1-f8da7aef3e15
b3034e6f-ce22-4ddc-8096-ccae0bb549db,aec8934f-76fe-4f51-a76d-a6b1e095d8f6
b3034e6f-ce22-4ddc-8096-ccae0bb549db,ccbc0f00-5d7e-4d68-bf4f-343fe47497c5
b3034e6f-ce22-4ddc-8096-ccae0bb549db,1693a3ed-f7c1-4490-a457-60075b754767
b3034e6f-ce22-4ddc-8096-ccae0bb549db,21ca7309-47df-4656-86c0-59832f96085c
b3034e6f-ce22-4ddc-8096-ccae0bb549db,2a5e3570-6343-49f9-897c-af61b3fcb79a
b3034e6f-ce22-4ddc-8096-ccae0bb549db,c70b0bac-cfb1-4771-8bb9-2a8b31a6139b
b3034e6f-ce22-4ddc-8096-ccae0bb549db,26bc5bff-fad1-4efb-886b-2431a982cb8b
b3034e6f-ce22-4ddc-8096-ccae0bb549db,e08d0782-0915-49d0-a436-cada74d26f8d
b3034e6f-ce22-4ddc-8096-ccae0bb549db,19f98b38-0063-4e95-9e70-fcb0ebac3d26
b3034e6f-ce22-4ddc-8096-ccae0bb549db,b6c9f5df-2fb9-4179-8cf3-69efde30a494
b3034e6f-ce22-4ddc-8096-ccae0bb549db,3ad2c952-f7d5-43dd-bf99-faaf05e9871d
b3034e6f-ce22-4ddc-8096-ccae0bb549db,b6a06d0c-3c74-4555-b277-40c536e00999
b3034e6f-ce22-4ddc-8096-ccae0bb549db,8e348e57-1564-4b73-8ae2-cef311279b7b
b3034e6f-ce22-4ddc-8096-ccae0bb549db,25dac798-e22f-427c-a846-0c555d40b246
b3034e6f-ce22-4ddc-8096-ccae0bb549db,803fbf88-00ab-49f3-8192-f7176cebbf06
b3034e6f-ce22-4ddc-8096-ccae0bb549db,d31d2004-6a81-4bd1-b702-dbf8827adbce
b3034e6f-ce22-4ddc-8096-ccae0bb549db,d2b31257-d9c3-4500-b46f-382f1d1a7744
a98e0797-b9e1-43ee-8bc9-45cd6b1e1f95,7034a665-b65a-46ec-a2eb-62dc9e4ee5d0
a98e0797-b9e1-43ee-8bc9-45cd6b1e1f95,7cbd6d48-0ab9-4786-88ff-8e3bd1b81c88
a98e0797-b9e1-43ee-8bc9-45cd6b1e1f95,fd6e6e8b-5eac-485e-bb87-6789d823257e
a98e0797-b9e1-43ee-8bc9-45cd6b1e1f95,9e8e748b-035e-482f-81ff-f03bb6079235
a98e0797-b9e1-43ee-8bc9-45cd6b1e1f95,0be8da14-0218-4b23-8df1-531c3caf9850
a98e0797-b9e1-43ee-8bc9-45cd6b1e1f95,38e353d3-2f40-4813-90cd-7d28199b32da
a98e0797-b9e1-43ee-8bc9-45cd6b1e1f95,c8b6bc1e-3463-42b4-b350-9c05f6e2b412
a98e0797-b9e1-43ee-8bc9-45cd6b1e1f95,94a2f37a-cb57-4438-a555-d19b41ea1c71
a98e0797-b9e1-43ee-8bc9-45cd6b1e1f95,5a7b4bad-b091-4f6f-aeb6-fd79e4aa6219
a98e0797-b9e1-43ee-8bc9-45cd6b1e1f95,03fc9895-c5a7-4ef8-b7a1-0cbaf39d86c4
a98e0797-b9e1-43ee-8bc9-45cd6b1e1f95,a0bcd60c-0050-4290-b29c-af65dc96da07
a98e0797-b9e1-43ee-8bc9-45cd6b1e1f95,baed59ab-b032-4492-a3ca-797157bd90ec
a98e0797-b9e1-43ee-8bc9-45cd6b1e1f95,d7ade903-5048-4fa0-b7f4-7bbeef589f7c
a98e0797-b9e1-43ee-8bc9-45cd6b1e1f95,babfcd12-899e-4320-a7da-cd3814dd7ab4
a98e0797-b9e1-43ee-8bc9-45cd6b1e1f95,adbcfcdd-788d-4b15-9f6e-6d1644929ffc
a98e0797-b9e1-43ee-8bc9-45cd6b1e1f95,b05024a9-3a4e-4230-b4ae-f42738db2a66
a98e0797-b9e1-43ee-8bc9-45cd6b1e1f95,fc88676f-b0e9-42d0-a652-52ed8906e853
a98e0797-b9e1-43ee-8bc9-45cd6b1e1f95,f2cf5b24-9847-40ee-b4a5-2d4c33c89d8f
a98e0797-b9e1-43ee-8bc9-45cd6b1e1f95,2d7319c0-4bda-4f6a-973a-db7454b73c80
e202df96-fda0-447d-84d9-cef18b2e6f5a,da2ca1c3-a4e5-4408-9d26-14e42d8d8071
e202df96-fda0-447d-84d9-cef18b2e6f5a,8722c56b-01da-441e-933b-8cec80517b82
e202df96-fda0-447d-84d9-cef18b2e6f5a,85452d7f-4cc4-49aa-a963-5f612a9dec6a
e202df96-fda0-447d-84d9-cef18b2e6f5a,7ddd908a-ac93-473b-8a88-457480bdd725
e202df96-fda0-447d-84d9-cef18b2e6f5a,d39c3445-1610-48de-ad6d-a62fcc6232c3
fc824cf4-952a-4311-9cf6-7c23073383e3,c5e6aa71-f268-44e9-9e18-0ebdb4de3263
fc824cf4-952a-4311-9cf6-7c23073383e3,7c3db888-f8c1-4174-9d1d-d6f42101246f
fc824cf4-952a-4311-9cf6-7c23073383e3,335e6fbb-d1d2-45cb-955f-66460c23a914
fc824cf4-952a-4311-9cf6-7c23073383e3,900790e9-7d6e-4471-94a3-6bf2a87c0650
fc824cf4-952a-4311-9cf6-7c23073383e3,9543b331-f2ca-4d5d-a26b-efdd895e14a7
fc824cf4-952a-4311-9cf6-7c23073383e3,87e9bbf2-5c2d-4124-b021-22b469154264
fc824cf4-952a-4311-9cf6-7c23073383e3,de0839ac-06da-4fb3-a9ec-50dad105b627
fc824cf4-952a-4311-9cf6-7c23073383e3,4cec06ae-c64c-46b0-b686-10e835bf733b
fc824cf4-952a-4311-9cf6-7c23073383e3,fe0d5b4d-130a-4792-8650-261fe4afd96f
fc824cf4-952a-4311-9cf6-7c23073383e3,aff4d983-fa30-4305-b1ea-631b5fa6804f
fc824cf4-952a-4311-9cf6-7c23073383e3,2bb428d7-7c15-4e28-8abd-efc809c3a04b
fc824cf4-952a-4311-9cf6-7c23073383e3,3d87e867-fd91-4515-af9a-9beb074c4f49
fc824cf4-952a-4311-9cf6-7c23073383e3,e588f2ac-f92c-4ea6-9d0d-7f32e1fcf9ce
fc824cf4-952a-4311-9cf6-7c23073383e3,0b55f0e7-6a14-481d-9d0b-cc08505cfe7a
fc824cf4-952a-4311-9cf6-7c23073383e3,ed7d8044-9194-4b22-b511-5aa9c242c600
fc824cf4-952a-4311-9cf6-7c23073383e3,5d8f1dc1-cd6e-4e9d-abc9-18f7ac7f2871
bb91240b-a5ec-4a2e-a598-44330cf20e1d,1eac6d10-102a-473c-95f9-033e6819575c
bb91240b-a5ec-4a2e-a598-44330cf20e1d,7ac80d41-43db-44dc-a3de-7b7bdb6d36a0
bb91240b-a5ec-4a2e-a598-44330cf20e1d,a191e339-b8b7-4a23-a31e-110007f9a296
bb91240b-a5ec-4a2e-a598-44330cf20e1d,0e078787-eee8-427d-b4cd-5757c993190a
bb91240b-a5ec-4a2e-a598-44330cf20e1d,9d6d1f44-9bde-48d7-ad2a-07f8c60a16ea
bb91240b-a5ec-4a2e-a598-44330cf20e1d,2583b942-bb91-4bf6-90bc-5ff208075319
bb91240b-a5ec-4a2e-a598-44330cf20e1d,f2dc6477-c2f1-44d7-a0c4-dde43c8d5626
bb91240b-a5ec-4a2e-a598-44330cf20e1d,3ed5af19-540a-4a9c-b75b-23c40a6a5f8b
bb91240b-a5ec-4a2e-a598-44330cf20e1d,259a3ecb-4e19-41e4-87e2-f3902f2a39cf
bb91240b-a5ec-4a2e-a598-44330cf20e1d,81725fd2-71ff-4297-b39b-871abac11917
bb91240b-a5ec-4a2e-a598-44330cf20e1d,9a3e382b-8103-452f-bb7b-024aa9899cc8
bb91240b-a5ec-4a2e-a598-44330cf20e1d,931396e1-f6cc-47bc-9cf9-ac25c827959f
bb91240b-a5ec-4a2e-a598-44330cf20e1d,47b19ebb-5698-404e-ad5d-19f7321a6e7e
bb91240b-a5ec-4a2e-a598-44330cf20e1d,590fce53-f3ba-496f-be1b-b3dfdd6c1566
bb91240b-a5ec-4a2e-a598-44330cf20e1d,b7378a33-4d44-4155-a4f3-3feb38aa2e8b
bb91240b-a5ec-4a2e-a598-44330cf20e1d,10222c45-57c5-49bd-b493-3bdf1a9946d9
bb91240b-a5ec-4a2e-a598-44330cf20e1d,48b400df-d47b-435d-9e94-c880b063482a
9b12a2ef-d29b-4d72-be97-c4f30a6ec20e,5c9ad5e1-b700-4f4b-90e0-ed82426486d2
9b12a2ef-d29b-4d72-be97-c4f30a6ec20e,6bb09bf5-0406-4f1f-b1de-b8bd013c2e3a
9b12a2ef-d29b-4d72-be97-c4f30a6ec20e,07847c3b-76b8-4497-9c95-298b5fe1b15e
9b12a2ef-d29b-4d72-be97-c4f30a6ec20e,dcb38b7f-15d0-4d69-b304-902fdb97b3ff
9b12a2ef-d29b-4d72-be97-c4f30a6ec20e,6c245610-2908-48d1-b894-2385cd9a5123
9b12a2ef-d29b-4d72-be97-c4f30a6ec20e,98daa7fa-74a8-4530-8f15-0f9274b6a9bb
9b12a2ef-d29b-4d72-be97-c4f30a6ec20e,81667cd1-a7d4-402d-a96f-e1d8d1a4ae72
9b12a2ef-d29b-4d72-be97-c4f30a6ec20e,876fc5cf-3ce1-41ae-92c1-56a4bb46c5d4
9b12a2ef-d29b-4d72-be97-c4f30a6ec20e,629b8f14-7dee-4f87-b4ef-e760de976cc0
9b12a2ef-d29b-4d72-be97-c4f30a6ec20e,2ca3ac9a-80c7-4627-b6ac-96bad2f8460e
9b12a2ef-d29b-4d72-be97-c4f30a6ec20e,1a6baa95-0d35-4dd2-a106-bea0ec1e0f69
9b12a2ef-d29b-4d72-be97-c4f30a6ec20e,4808216f-b8bf-4104-9270-f953b5769db6
9b12a2ef-d29b-4d72-be97-c4f30a6ec20e,0bdfa512-ee63-49ff-a3d5-4a6c42934848
9b12a2ef-d29b-4d72-be97-c4f30a6ec20e,d3f122b9-d56c-4a29-827e-5d4e84857ee2
9b12a2ef-d29b-4d72-be97-c4f30a6ec20e,a0a8609f-1ae9-4e18-a065-c5b5b97dcc73
9b12a2ef-d29b-4d72-be97-c4f30a6ec20e,c9d7219e-9074-450f-90b7-b1ee6d20633d
9b12a2ef-d29b-4d72-be97-c4f30a6ec20e,b712ff6f-9dc3-4f8c-9e9c-916a14c0c607
f62a56c2-edb9-48c2-895c-e057e5f5541c,4e052b7c-e6b4-4ae8-82c7-39a31adf2acc
f62a56c2-edb9-48c2-895c-e057e5f5541c,4ab96084-7532-4d35-9c74-0d2d190b8a7c
f62a56c2-edb9-48c2-895c-e057e5f5541c,d325e13e-7b98-4c8e-a7d8-adf4a7121a46
f62a56c2-edb9-48c2-895c-e057e5f5541c,c1cd183c-108e-4e35-b06e-88af71fb08f4
f62a56c2-edb9-48c2-895c-e057e5f5541c,ffd7f095-3efb-45b4-807a-010ece139d30
f62a56c2-edb9-48c2-895c-e057e5f5541c,b841db31-a50a-46d7-8b4f-9b0e6076977b
f62a56c2-edb9-48c2-895c-e057e5f5541c,1bb67a33-453b-4405-8ba8-7ddea3576809
f62a56c2-edb9-48c2-895c-e057e5f5541c,ff21a5bd-4417-4466-881a-d76d3cb52b25
f62a56c2-edb9-48c2-895c-e057e5f5541c,e7630adc-c7cc-4d56-a4b6-cc2039317cf8
f62a56c2-edb9-48c2-895c-e057e5f5541c,daf027dd-c5d6-48a4-a643-6f1574dd1887
f62a56c2-edb9-48c2-895c-e057e5f5541c,071daf9d-4d9d-4606-9385-31983321ab04
f62a56c2-edb9-48c2-895c-e057e5f5541c,30abf677-0081-46d0-942f-c81cf07c22a1
f62a56c2-edb9-48c2-895c-e057e5f5541c,f30cfdf4-af62-4855-a0fc-853bfdc3738a
f62a56c2-edb9-48c2-895c-e057e5f5541c,0b95813f-31a7-4246-b845-fa9871475ea6
f62a56c2-edb9-48c2-895c-e057e5f5541c,0c469ccf-1e64-4909-a7ab-2ecee7fd3c6c
f62a56c2-edb9-48c2-895c-e057e5f5541c,40ae46f1-26e7-434f-b886-2de2c6d1ba6c
e95aa65f-9482-4b3a-a77e-5b33945addfc,7d705ed9-4c3b-4571-a782-ec54193e60d9
e95aa65f-9482-4b3a-a77e-5b33945addfc,ff20bd4e-f794-4561-8264-752f6febf4f0
e95aa65f-9482-4b3a-a77e-5b33945addfc,1c6d68a9-77b4-4979-9915-b2b4c935de98
e95aa65f-9482-4b3a-a77e-5b33945addfc,662ba287-7446-4a81-9e3c-3726f35a3560
e95aa65f-9482-4b3a-a77e-5b33945addfc,00434762-930e-47ac-b454-9c8ef3c42c67
e95aa65f-9482-4b3a-a77e-5b33945addfc,8bec62ec-26a2-4aa7-96f2-ab4a77220f54
e95aa65f-9482-4b3a-a77e-5b33945addfc,699a7e1a-85af-4155-8190-a4f5db31c695
e95aa65f-9482-4b3a-a77e-5b33945addfc,26a38fbf-9754-4b86-8bd2-883eb1f8aeae
e95aa65f-9482-4b3a-a77e-5b33945addfc,39ceacf6-22b5-4de6-9030-30544b40ff0d
e95aa65f-9482-4b3a-a77e-5b33945addfc,2ff73e15-34a5-44ed-b432-983352c74c07
e95aa65f-9482-4b3a-a77e-5b33945addfc,dd973666-bb02-4b8f-bde0-2232ae2d2a36
e95aa65f-9482-4b3a-a77e-5b33945addfc,3fcf517a-1a28-4d9a-82b5-89b4421c692c
d5b27826-4f45-4622-9aa3-406c925a259f,22779418-ce60-4803-9615-78efaf288ef4
d5b27826-4f45-4622-9aa3-406c925a259f,9885c4d7-f773-4e65-8c85-e625cbe0d180
d5b27826-4f45-4622-9aa3-406c925a259f,be7e9cb0-d7b7-41ac-bff3-0286e5fae82d
d5b27826-4f45-4622-9aa3-406c925a259f,49a92251-07ad-4af3-928e-a67c58c85e78
d5b27826-4f45-4622-9aa3-406c925a259f,3677fcdd-01ba-46aa-9617-6695d0b032d1
d5b27826-4f45-4622-9aa3-406c925a259f,319b28b1-2d71-403c-9553-1e0f2b4115de
d5b27826-4f45-4622-9aa3-406c925a259f,96592204-1fe5-4b04-9d18-f5680d466c4b
d5b27826-4f45-4622-9aa3-406c925a259f,210a0b33-52f4-4048-864c-870b41fd247a
d5b27826-4f45-4622-9aa3-406c925a259f,e560888e-ffdb-4a39-a110-79a7fe724da7
d5b27826-4f45-4622-9aa3-406c925a259f,6244a5eb-2702-47c5-9ed0-b23122782e01
d5b27826-4f45-4622-9aa3-406c925a259f,b9b8b00e-6dba-4947-83bc-cbeedf9e50db
d5b27826-4f45-4622-9aa3-406c925a259f,4bda4a42-1570-417a-bbcd-3ab7d75fcb6f
d5b27826-4f45-4622-9aa3-406c925a259f,5b04e8c0-dfd1-4f81-9ba8-8bbc78c76c59
d5b27826-4f45-4622-9aa3-406c925a259f,77348053-dc56-41f5-92f7-5bb6c7471797
d5b27826-4f45-4622-9aa3-406c925a259f,0ea75274-512a-4d3d-ad52-8c01b2a6ec57
0dabdacb-d86c-4817-9204-0c6b705c9cef,5b8b85ae-c7bf-41ac-a6f3-8661c53a217f
0dabdacb-d86c-4817-9204-0c6b705c9cef,4caae222-7f41-4d71-b7c2-23fea6ea9ac8
0dabdacb-d86c-4817-9204-0c6b705c9cef,3ff81efd-2cde-468d-ba3c-7be5520785d3
0dabdacb-d86c-4817-9204-0c6b705c9cef,d3ae894a-8c0e-4735-92f2-bb248ff71a51
0dabdacb-d86c-4817-9204-0c6b705c9cef,f3efb1ce-693b-40fa-b041-82b59a19e8d7
0dabdacb-d86c-4817-9204-0c6b705c9cef,b01b8805-e9da-4c10-80b1-f3f6b593b9e6
0dabdacb-d86c-4817-9204-0c6b705c9cef,2728a342-a9e7-4a78-9d67-ad5d4c65d7bd
0dabdacb-d86c-4817-9204-0c6b705c9cef,13eb812b-55fd-44d8-af80-e15489660a76
0dabdacb-d86c-4817-9204-0c6b705c9cef,a3406b8c-d162-439a-9cf5-e51e0f4ffafa
0dabdacb-d86c-4817-9204-0c6b705c9cef,18e094e6-bb81-4223-976c-c980db7925bb
0dabdacb-d86c-4817-9204-0c6b705c9cef,b9a37515-e413-4521-9e0f-a53fc149dd8f
0dabdacb-d86c-4817-9204-0c6b705c9cef,bcd31cc9-5c9b-4080-89b6-1749bdc785c8
0dabdacb-d86c-4817-9204-0c6b705c9cef,ada5afc3-656f-46b2-8651-2f8ea43feb77
0dabdacb-d86c-4817-9204-0c6b705c9cef,97e392e0-75ad-4ec3-9c48-0a9cc2265775
0dabdacb-d86c-4817-9204-0c6b705c9cef,51458497-7b1f-41f0-b1e2-fe37bc60cab4
0dabdacb-d86c-4817-9204-0c6b705c9cef,5930c8c3-ae11-483e-83cc-6e3a6f74a7e5
0dabdacb-d86c-4817-9204-0c6b705c9cef,1e99d436-7913-4f98-816b-42e6239dbf78
0dabdacb-d86c-4817-9204-0c6b705c9cef,48190b58-0e8a-42fe-8bbd-535442d6f7f3
0dabdacb-d86c-4817-9204-0c6b705c9cef,bf5cc16d-01f1-4036-af40-06a5379ae59f
8b18d56f-e13a-4539-969b-24efe2e16a23,64f156ab-acba-48aa-ac29-570255f83394
8b18d56f-e13a-4539-969b-24efe2e16a23,95a565dd-5bbd-4d36-b371-3a35f78e0043
8b18d56f-e13a-4539-969b-24efe2e16a23,19e4e26d-8576-430c-832c-710f7722de44
8b18d56f-e13a-4539-969b-24efe2e16a23,71e7c383-b245-42e3-8545-30a5ffd6c380
8b18d56f-e13a-4539-969b-24efe2e16a23,db1561fe-b08e-4a7b-b350-7b968e95e2b9
8b18d56f-e13a-4539-969b-24efe2e16a23,4770a417-fed8-4245-b4ef-60f1a214a966
8b18d56f-e13a-4539-969b-24efe2e16a23,6b0a9a76-89d1-4624-81ef-e95f7586dbdd
8b18d56f-e13a-4539-969b-24efe2e16a23,747940b0-ca50-4592-a711-e92eb0e4d353
8b18d56f-e13a-4539-969b-24efe2e16a23,c8888abf-ce16-4c8f-a859-f83c01006700
8b18d56f-e13a-4539-969b-24efe2e16a23,c4fe3ca1-cbcb-4552-924c-d56e7b6a217e
8b18d56f-e13a-4539-969b-24efe2e16a23,6e23f8be-cd9c-4a81-8dce-6070536c8b33
8b18d56f-e13a-4539-969b-24efe2e16a23,034f7701-699d-4677-b665-818789e5f6be
1d0f3819-1cdd-40f8-9adc-7af46a47b162,f5eddee2-83f0-4d6f-820e-47c5620e884c
1d0f3819-1cdd-40f8-9adc-7af46a47b162,0638f90e-8963-43c3-b771-97f0a1b144eb
1d0f3819-1cdd-40f8-9adc-7af46a47b162,b7423443-f20b-4c6c-84ce-bc7ba323188b
1d0f3819-1cdd-40f8-9adc-7af46a47b162,42301a75-080a-46b7-97b1-3cb329c82cfa
1d0f3819-1cdd-40f8-9adc-7af46a47b162,3c185d28-16f1-461b-8990-41118e8cf941
1d0f3819-1cdd-40f8-9adc-7af46a47b162,ccc6043f-1ad3-416e-95b1-38c8d2c1a25b
1d0f3819-1cdd-40f8-9adc-7af46a47b162,6e376d92-37c4-43db-9955-223cffb7c7bf
1d0f3819-1cdd-40f8-9adc-7af46a47b162,b133f6b7-6e3c-425b-a48f-889dae7434af
1d0f3819-1cdd-40f8-9adc-7af46a47b162,17e455b4-a4be-4df1-bc97-eb83e0c0952b
1d0f3819-1cdd-40f8-9adc-7af46a47b162,df1a20b6-cceb-42aa-a599-89fdfa9f2a72
1d0f3819-1cdd-40f8-9adc-7af46a47b162,362ef8c0-e9b8-4ce0-8991-d30a6c695b42
1d0f3819-1cdd-40f8-9adc-7af46a47b162,cec847bd-3b64-48e8-81b7-172b40803229
1d0f3819-1cdd-40f8-9adc-7af46a47b162,2d48d2cc-b63f-4ce7-8aa3-5ac12d306efb
1d0f3819-1cdd-40f8-9adc-7af46a47b162,6926fda4-68ed-4fd3-b6bf-b8253a784a18
1d0f3819-1cdd-40f8-9adc-7af46a47b162,f62f8fb9-8eb4-40a9-b763-60d313a64493
1d0f3819-1cdd-40f8-9adc-7af46a47b162,5c4f7caa-3d12-456c-a7d8-c4484acdb098
1d0f3819-1cdd-40f8-9adc-7af46a47b162,2b51e6d7-aef3-45f9-ae48-6f5dee512bf8
1d0f3819-1cdd-40f8-9adc-7af46a47b162,c6538e3c-ef41-4b77-937f-e237b69ecf8d
76201b6a-c5d7-4637-b492-283986188b85,7ea498b1-f3b1-43fd-8a40-589c49550d72
76201b6a-c5d7-4637-b492-283986188b85,e59f73da-fef8-4a52-915e-320a1f1c4e90
76201b6a-c5d7-4637-b492-283986188b85,7fece5f7-5d2e-41ee-afda-455901672739
76201b6a-c5d7-4637-b492-283986188b85,dffcd328-9718-4abc-af5e-03efc2ea9d02
76201b6a-c5d7-4637-b492-283986188b85,a55e682b-46ed-4a3e-88db-686c563222f6
76201b6a-c5d7-4637-b492-283986188b85,07ae2678-9e8a-46dd-bd30-1968efeb6005
76201b6a-c5d7-4637-b492-283986188b85,d6e4c37a-d772-4c2b-b2d1-8998803d506c
76201b6a-c5d7-4637-b492-283986188b85,8fda834a-bb52-465b-ac7b-4085e8861d7b
76201b6a-c5d7-4637-b492-283986188b85,a33f000e-cc9d-4e94-9864-014a3c422b0e
76201b6a-c5d7-4637-b492-283986188b85,63abb9c8-7361-4dc3-8380-713d82e2debb
76201b6a-c5d7-4637-b492-283986188b85,58606e46-9421-48a6-951e-109988ee1184
76201b6a-c5d7-4637-b492-283986188b85,a6454aab-7375-4f75-9b3d-4d151e6fb265
76201b6a-c5d7-4637-b492-283986188b85,b679d8f5-47c2-4748-8fb9-5b16ad23fafd
76201b6a-c5d7-4637-b492-283986188b85,90ad20d5-f50e-42a0-ad84-3abef58d92bb
76201b6a-c5d7-4637-b492-283986188b85,d4e06a76-bd0e-4d4e-9e9a-f09b87241c50
76201b6a-c5d7-4637-b492-283986188b85,f0971406-5ed4-4f8b-a658-f67c733d86f2
76201b6a-c5d7-4637-b492-283986188b85,e9894ca6-bf11-4f80-bae0-b948d3b75006
76201b6a-c5d7-4637-b492-283986188b85,5315d3a1-e6ba-461a-ba3e-16ac4ae5defb
cc00041c-b9c3-4caa-a2b2-3b0bd5f1bc85,19aeda29-2f20-42e0-9379-d2342454fd61
cc00041c-b9c3-4caa-a2b2-3b0bd5f1bc85,02e0c618-2b8f-4181-b75d-43cb6aed9431
cc00041c-b9c3-4caa-a2b2-3b0bd5f1bc85,aca11579-0722-4c4f-a0a3-abc6cb27836c
cc00041c-b9c3-4caa-a2b2-3b0bd5f1bc85,81c7fc2d-4113-4c2c-91d2-a98d86887199
cc00041c-b9c3-4caa-a2b2-3b0bd5f1bc85,6c594042-0948-41a9-bce0-e3cb6ca61465
cc00041c-b9c3-4caa-a2b2-3b0bd5f1bc85,2f1ee877-9c76-4d15-b98d-e1be45f24a7b
cc00041c-b9c3-4caa-a2b2-3b0bd5f1bc85,9c7eb5af-405a-4fa0-b7b2-ef9c1c8b3271
cc00041c-b9c3-4caa-a2b2-3b0bd5f1bc85,9233d992-c127-429b-87e0-a69a160cfece
cc00041c-b9c3-4caa-a2b2-3b0bd5f1bc85,66147bc6-81ca-49f5-a7d4-01a0b4a1c1a8
cc00041c-b9c3-4caa-a2b2-3b0bd5f1bc85,60e90abe-3cc8-48db-88a4-4c48816a5f74
cc00041c-b9c3-4caa-a2b2-3b0bd5f1bc85,84842327-1b6c-43b1-9588-d2d0b9003c89
cc00041c-b9c3-4caa-a2b2-3b0bd5f1bc85,2b878135-bec9-4ae4-b4a1-c794d82a59ea
9e74df2f-d4c7-4a5f-807b-4c53c910eb3a,395556f3-62d6-48ac-877c-4956c2d4108a
9e74df2f-d4c7-4a5f-807b-4c53c910eb3a,e21aeee6-4285-40e5-be08-c239ea664203
9e74df2f-d4c7-4a5f-807b-4c53c910eb3a,4b553eb2-85bd-40ad-9cec-4fcb15cff046
9e74df2f-d4c7-4a5f-807b-4c53c910eb3a,a9eb0257-28c9-4f8a-b640-35ccc8c6bd74
9e74df2f-d4c7-4a5f-807b-4c53c910eb3a,13f05f8d-50b3-46a4-900c-28a740a460fb
9e74df2f-d4c7-4a5f-807b-4c53c910eb3a,8b410733-b361-4f58-a504-69b1ef66c978
9e74df2f-d4c7-4a5f-807b-4c53c910eb3a,fd46b76b-13b0-4a98-b984-f5dd053f2b4d
9e74df2f-d4c7-4a5f-807b-4c53c910eb3a,10b4b0df-f674-4c56-83e6-d5f42281c211
9e74df2f-d4c7-4a5f-807b-4c53c910eb3a,c739025e-714f-417c-b169-36f15be3710e
9e74df2f-d4c7-4a5f-807b-4c53c910eb3a,b9e8b82b-907a-476e-be15-8fec37a21e91
9e74df2f-d4c7-4a5f-807b-4c53c910eb3a,0b7d2a34-e6ba-48c2-bc8f-07c85ac51c3b
9e74df2f-d4c7-4a5f-807b-4c53c910eb3a,a5ea8be1-7455-418e-9f10-c3003a39c41d
9e74df2f-d4c7-4a5f-807b-4c53c910eb3a,0f7915a5-42ce-4882-b40a-3e8532e59491
ffdc9628-2c84-4e08-8c75-feb07135ef8a,feec4e7d-9164-460f-bd3a-e34b46a3a78c
ffdc9628-2c84-4e08-8c75-feb07135ef8a,a5a32e10-cf72-470e-8256-2b45b3b4cc1e
ffdc9628-2c84-4e08-8c75-feb07135ef8a,08b05805-5460-47b2-bbbe-4090e3e98b7c
ffdc9628-2c84-4e08-8c75-feb07135ef8a,557b64de-9de2-470e-a737-c8cc29610f9b
ffdc9628-2c84-4e08-8c75-feb07135ef8a,722a2c77-6c1e-473b-a87e-79e5b755be17
ffdc9628-2c84-4e08-8c75-feb07135ef8a,9b96da69-ae92-423e-8107-ae678636a049
ffdc9628-2c84-4e08-8c75-feb07135ef8a,b60968f3-5d4d-455e-b65b-e06b78639fd7
ffdc9628-2c84-4e08-8c75-feb07135ef8a,814047f1-e907-42f5-b63b-33118df582c6
ffdc9628-2c84-4e08-8c75-feb07135ef8a,9f6c3ff8-26a8-4734-8ff5-035bb8ba2c19
ffdc9628-2c84-4e08-8c75-feb07135ef8a,b7d86b0d-7705-4bce-a5cd-230d902b3c25
ffdc9628-2c84-4e08-8c75-feb07135ef8a,4591efeb-846b-497d-a947-270a8d170b4c
ffdc9628-2c84-4e08-8c75-feb07135ef8a,3d6b34bf-b541-4a16-b3c3-7562f3cc1225
ffdc9628-2c84-4e08-8c75-feb07135ef8a,381f302d-14d4-4ea2-8d87-c6cd8ecb9e94
ffdc9628-2c84-4e08-8c75-feb07135ef8a,b5bb6631-63b2-4c6d-bc49-6c5fd24d1292
ffdc9628-2c84-4e08-8c75-feb07135ef8a,ca8c4bcd-c6d0-4206-a656-a4c9ddf02b9c
ffdc9628-2c84-4e08-8c75-feb07135ef8a,2a6246c9-e62d-4294-a18d-49d42769a964
ffdc9628-2c84-4e08-8c75-feb07135ef8a,ea62c321-38bb-4e34-8182-17d74cfcb96e
3a2a84da-60b0-4d83-a103-4e155020369f,ce5c6f59-2642-4b89-88e9-8e81765ebd5b
3a2a84da-60b0-4d83-a103-4e155020369f,a8e77a15-181d-4cd2-8618-4930189f3071
3a2a84da-60b0-4d83-a103-4e155020369f,418d906e-78dc-47ae-b73b-b45feee1d8ca
3a2a84da-60b0-4d83-a103-4e155020369f,7e18303a-5478-4154-9f2b-e61b07d5f633
3a2a84da-60b0-4d83-a103-4e155020369f,7df0f4cb-2da6-4588-8cc8-b31df1fadda9
3a2a84da-60b0-4d83-a103-4e155020369f,f989276b-a715-4f28-b9b2-cb344374cc45
3a2a84da-60b0-4d83-a103-4e155020369f,a5a652cd-d565-4033-8302-5c4eb3931477
3a2a84da-60b0-4d83-a103-4e155020369f,876f79da-3376-4fa9-b7c9-f4bf0c056bf4
3a2a84da-60b0-4d83-a103-4e155020369f,2404c7cb-202f-429a-ac06-c3e9ca5f7070
3a2a84da-60b0-4d83-a103-4e155020369f,f9fd4b2d-a99a-4271-ba6a-fda837c097de
3a2a84da-60b0-4d83-a103-4e155020369f,affc990d-527b-4f50-8871-2cd181079ef5
d2209ec1-a51c-44a2-ad8f-0fcc6f341505,05151e55-cb2c-44d5-be63-5af6ebdb010e
d2209ec1-a51c-44a2-ad8f-0fcc6f341505,46f2a5e4-c111-4339-9d81-ba887a76777b
d2209ec1-a51c-44a2-ad8f-0fcc6f341505,3540be29-f6f3-4413-aede-32566907ec17
d2209ec1-a51c-44a2-ad8f-0fcc6f341505,97ce7e83-064f-4637-a47b-9f42ba87eee2
d2209ec1-a51c-44a2-ad8f-0fcc6f341505,c9e799a7-82ab-4e48-a806-e85a36ef08b7
d2209ec1-a51c-44a2-ad8f-0fcc6f341505,3d66f99f-e573-4c45-ad64-1abcc8e6ba5f
d2209ec1-a51c-44a2-ad8f-0fcc6f341505,d857e597-a828-4570-b290-25c82b54e195
d2209ec1-a51c-44a2-ad8f-0fcc6f341505,4fbf6436-7917-42ac-b3fd-ebf96c718d43
d2209ec1-a51c-44a2-ad8f-0fcc6f341505,62bbfe4e-4506-4246-8445-686ab4c61f68
d2209ec1-a51c-44a2-ad8f-0fcc6f341505,adec2173-f437-49b8-b789-1a0d937f339f
502fc709-7ded-4090-afa6-00636e6069b4,55830ab1-c75c-4ae3-ab7e-94855a6312f3
502fc709-7ded-4090-afa6-00636e6069b4,cee5eccf-b29b-4475-853d-08af68a65308
502fc709-7ded-4090-afa6-00636e6069b4,1bc99c0a-f974-4804-ba74-c10b199d5703
502fc709-7ded-4090-afa6-00636e6069b4,638da880-4587-43d7-a322-e8af364cd087
502fc709-7ded-4090-afa6-00636e6069b4,2c4304ab-1664-4e22-81de-36e3ef9c0f7d
502fc709-7ded-4090-afa6-00636e6069b4,fd0e78dd-c469-4f57-94c4-5de55465af79
502fc709-7ded-4090-afa6-00636e6069b4,f1465a4b-0f86-4929-bf6b-abec0d960665
502fc709-7ded-4090-afa6-00636e6069b4,cbd80d50-4e96-4521-8222-ee0dd5bd745a
502fc709-7ded-4090-afa6-00636e6069b4,09fad2a1-ffa1-4574-996e-eb1e5497a32f
502fc709-7ded-4090-afa6-00636e6069b4,0aaec5a5-4fce-47bd-bd8c-de4c2f463751
502fc709-7ded-4090-afa6-00636e6069b4,f152df2f-8bf8-4459-a8c5-d6d0e36ce200
502fc709-7ded-4090-afa6-00636e6069b4,b0a8d652-3adb-405e-bcbc-00b6ae9c84bf
502fc709-7ded-4090-afa6-00636e6069b4,165a8145-41c2-4bde-954f-2533b2a95a39
502fc709-7ded-4090-afa6-00636e6069b4,4e2a455f-82cf-4ca8-b698-076c5ab209fb
502fc709-7ded-4090-afa6-00636e6069b4,5eb5cbf3-51e7-4e38-b7aa-5dac28866faa
502fc709-7ded-4090-afa6-00636e6069b4,dde75c5b-15a6-46ce-803e-94f725842fee
502fc709-7ded-4090-afa6-00636e6069b4,c4e6ca53-4651-44bc-a64c-6e2fbc3173cb
502fc709-7ded-4090-afa6-00636e6069b4,c8108792-788b-4c63-be3f-abd63ffd9fad
502fc709-7ded-4090-afa6-00636e6069b4,98cc4b68-e37d-4a38-ad77-25d8256eb254
5a40c9f8-23ff-445f-b74d-027103ece331,b72e381a-43a2-4e3b-9bdc-d4177180912c
5a40c9f8-23ff-445f-b74d-027103ece331,39e96333-942c-4255-82de-04b528fb5d2a
5a40c9f8-23ff-445f-b74d-027103ece331,93ca5263-a065-42b6-839a-6e5f3ec3d49f
5a40c9f8-23ff-445f-b74d-027103ece331,2b2be404-8ea7-40b9-9a4a-91c341f9ecc9
5a40c9f8-23ff-445f-b74d-027103ece331,91a00aeb-2d74-4d7d-a051-81615362d5a2
5a40c9f8-23ff-445f-b74d-027103ece331,97ccee12-773b-4efd-a2cd-c93d2f06b8b1
5a40c9f8-23ff-445f-b74d-027103ece331,c9679d31-3383-4622-a050-ef93e1f359c1
5a40c9f8-23ff-445f-b74d-027103ece331,6d3abdda-a0ec-4b3d-9129-4bbc133475a0
5a40c9f8-23ff-445f-b74d-027103ece331,88806c93-2122-4de2-a08f-9c6ab1e9db74
5a40c9f8-23ff-445f-b74d-027103ece331,d36571f7-2d42-4fe5-8bda-f48fcdb1e3c6
5a40c9f8-23ff-445f-b74d-027103ece331,7a0b4bd8-4dbe-4d22-975f-0eca313d4475
5a40c9f8-23ff-445f-b74d-027103ece331,1dfcb6d2-d039-41f6-b6b7-3f3241b693f4
5a40c9f8-23ff-445f-b74d-027103ece331,1816ff07-2e46-4f2f-8588-ffe567593272
5a40c9f8-23ff-445f-b74d-027103ece331,4ebfdb4a-9a16-4160-b5bb-200b02c1e216
5a40c9f8-23ff-445f-b74d-027103ece331,b6716a53-81ad-4e99-98bc-b52c1121588f
5a40c9f8-23ff-445f-b74d-027103ece331,bc013089-c68c-4fe5-a102-640e274e28ed
5a40c9f8-23ff-445f-b74d-027103ece331,647bee70-716e-40f2-920f-38870f22ddcb
5a40c9f8-23ff-445f-b74d-027103ece331,4a6d4bc1-8aec-4907-8120-0d7b90b295b5
13b8c78b-b0fb-47f5-a93e-6d1e1e64a6ab,605fa87b-7e35-4ec4-8974-c8f23740012e
13b8c78b-b0fb-47f5-a93e-6d1e1e64a6ab,0c6f795d-a902-4b68-8786-d8fc8e71e7dd
13b8c78b-b0fb-47f5-a93e-6d1e1e64a6ab,27b80087-057c-4cc2-9549-c89202068a7b
13b8c78b-b0fb-47f5-a93e-6d1e1e64a6ab,1cb4e535-56d1-4f02-bc27-a40a0c6f0896
13b8c78b-b0fb-47f5-a93e-6d1e1e64a6ab,a13f5168-21b8-4d47-aad3-6a1e822ff198
13b8c78b-b0fb-47f5-a93e-6d1e1e64a6ab,f7e5e6ec-6a26-490d-9b52-1316043d7d29
13b8c78b-b0fb-47f5-a93e-6d1e1e64a6ab,6a55d3a8-1a73-4e2e-a54d-f93483f822fc
13b8c78b-b0fb-47f5-a93e-6d1e1e64a6ab,f1bfa65b-e6fc-4106-821c-22d99fc2ba50
13b8c78b-b0fb-47f5-a93e-6d1e1e64a6ab,3e67092f-c439-41b0-b2e9-655dc037507d
13b8c78b-b0fb-47f5-a93e-6d1e1e64a6ab,d71b1896-36ad-4823-b096-2f524e6c4e99
13b8c78b-b0fb-47f5-a93e-6d1e1e64a6ab,58f6aad2-b643-47a6-89b2-49a2773e9c2c
13b8c78b-b0fb-47f5-a93e-6d1e1e64a6ab,9b76a8fb-c9f0-4f21-b7fc-0b6b1f5877ed
13b8c78b-b0fb-47f5-a93e-6d1e1e64a6ab,ebb7f2ec-90c2-49de-98a8-aa3db1d4a9cf
13b8c78b-b0fb-47f5-a93e-6d1e1e64a6ab,6469ecc1-327b-4072-827f-76a7913920e2
21036da2-998d-405c-9738-92d77eb76717,6e585620-dac0-4d2c-8f82-2294fa7054b2
21036da2-998d-405c-9738-92d77eb76717,1d9c300f-954b-4956-b00e-fa2c4b9fde4f
21036da2-998d-405c-9738-92d77eb76717,fe3ce01f-9cba-42be-876d-e129669e073c
21036da2-998d-405c-9738-92d77eb76717,9e538b6e-c717-4051-9da1-0e0ee98e4f74
21036da2-998d-405c-9738-92d77eb76717,884afd83-6113-4f18-a6a0-67eb89bae683
21036da2-998d-405c-9738-92d77eb76717,a2b2f1ed-275a-4c1e-9725-4c063211fab1
21036da2-998d-405c-9738-92d77eb76717,3676e435-0dd1-428c-a125-6003b5b132e3
21036da2-998d-405c-9738-92d77eb76717,9204fd6e-82a5-45c6-8592-7a1ce5febcf2
21036da2-998d-405c-9738-92d77eb76717,3a87df42-dad9-4197-99d9-0a7af48dd23e
b340c65a-3296-42f8-9afa-cb27036530f8,919a5206-f7ff-4229-b942-288aaa02ad44
b340c65a-3296-42f8-9afa-cb27036530f8,3b0a4cc9-e0ef-4fb7-87c3-bd542abf5acc
b340c65a-3296-42f8-9afa-cb27036530f8,84d87ada-c0c2-4c80-9ad6-f38632fd44f1
b340c65a-3296-42f8-9afa-cb27036530f8,70874715-8ba3-495c-a3ba-9682b6e611ed
b340c65a-3296-42f8-9afa-cb27036530f8,eaafcdf8-cec3-4595-87d9-83da3723543a
b340c65a-3296-42f8-9afa-cb27036530f8,033bb305-a7eb-4c64-8a6b-e2f99a4acb7a
b340c65a-3296-42f8-9afa-cb27036530f8,62ffef55-015c-4374-8b95-7ba28222acb8
b340c65a-3296-42f8-9afa-cb27036530f8,6125d81b-f4c5-4ee6-95d4-f42b9e5095e3
b340c65a-3296-42f8-9afa-cb27036530f8,70f8e3c7-8263-44cf-8188-d9cba61eeeb5
b340c65a-3296-42f8-9afa-cb27036530f8,ce69490a-ad73-4004-9b24-6fdc61dfa8a9
b340c65a-3296-42f8-9afa-cb27036530f8,6abd9666-a700-482a-9c25-ae7c449a56ea
b340c65a-3296-42f8-9afa-cb27036530f8,52cb95c2-e3db-4211-bd7c-8bc93993cdc4
b340c65a-3296-42f8-9afa-cb27036530f8,6b2c6766-b99e-4ea8-8906-ba380fdf6b48
b340c65a-3296-42f8-9afa-cb27036530f8,03f27784-2b8b-4cd0-8a63-4d348a3260c1
b340c65a-3296-42f8-9afa-cb27036530f8,2366dd05-71f0-4de7-9d3e-743324dad383
b340c65a-3296-42f8-9afa-cb27036530f8,3e1162f9-fa7d-4086-a2a4-a4a061362c42
b340c65a-3296-42f8-9afa-cb27036530f8,33afe367-6c5c-434f-a183-04f83dab2a21
b340c65a-3296-42f8-9afa-cb27036530f8,22479986-0ae1-450b-a6e7-61b8922f49f5
b340c65a-3296-42f8-9afa-cb27036530f8,0415f16d-38c7-45b7-a65e-980e6309b3d2
b340c65a-3296-42f8-9afa-cb27036530f8,be786a8a-0940-4053-a4b3-4da8224ab5cc
6ce72aab-db80-422b-b94b-fb4a14ff7610,70a77f87-9b4c-4e22-9d38-016922fed724
6ce72aab-db80-422b-b94b-fb4a14ff7610,0e20ba87-8ce8-4889-9e72-d0805449d32a
6ce72aab-db80-422b-b94b-fb4a14ff7610,5a76e335-cd52-43f6-be34-38b722fc616f
6ce72aab-db80-422b-b94b-fb4a14ff7610,a370844d-0eda-4b6d-91e2-dea4a26d50c3
6ce72aab-db80-422b-b94b-fb4a14ff7610,c01df029-639c-48fd-abb6-8402fabe05cf
6ce72aab-db80-422b-b94b-fb4a14ff7610,6c168a5b-da22-4c04-8916-c0625ef5a961
6ce72aab-db80-422b-b94b-fb4a14ff7610,f1a7a5de-a8a1-4dce-bb2f-e18d7f1252d7
6ce72aab-db80-422b-b94b-fb4a14ff7610,66e32745-1e47-4bd0-8064-6458fba86f29
6ce72aab-db80-422b-b94b-fb4a14ff7610,bee8ec30-9038-4a6d-b813-d59f71d67376
6ce72aab-db80-422b-b94b-fb4a14ff7610,33c604ee-6a8c-421c-a0b2-679c5470e511
6ce72aab-db80-422b-b94b-fb4a14ff7610,d140f58f-4b17-4652-b52f-0eacf373f3f2
6ce72aab-db80-422b-b94b-fb4a14ff7610,253a9877-b3ee-48bb-8c23-6c0a70b2d438
6ce72aab-db80-422b-b94b-fb4a14ff7610,4430f5d6-de0c-40e3-8ce5-25d614909bf4
6ce72aab-db80-422b-b94b-fb4a14ff7610,a6a52318-1b66-43e8-961e-f84f4ba25425
6ce72aab-db80-422b-b94b-fb4a14ff7610,eb066361-66f2-481c-8ac7-905e4b914b77
6ce72aab-db80-422b-b94b-fb4a14ff7610,332625d3-f060-4eca-9cb9-229623e97967
9842442b-e1cf-4275-86b7-8761cfd60a9c,1ea2a56e-a3b5-400f-8572-55519971c3db
9842442b-e1cf-4275-86b7-8761cfd60a9c,abcd9f2d-a9cc-431d-8d66-2c7aac935c60
9842442b-e1cf-4275-86b7-8761cfd60a9c,47e48935-2511-4568-b887-2785bd1111aa
9842442b-e1cf-4275-86b7-8761cfd60a9c,b743078b-dcfb-4851-a66f-d6ab2c15edb6
9842442b-e1cf-4275-86b7-8761cfd60a9c,e8c19cd3-e589-4a22-bc35-9190b4a06367
9842442b-e1cf-4275-86b7-8761cfd60a9c,c0d7e3a8-c1ef-415c-b211-a51abce4e20d
9842442b-e1cf-4275-86b7-8761cfd60a9c,93f3a4ac-68d0-44a0-a84f-bfe5b898df49
9842442b-e1cf-4275-86b7-8761cfd60a9c,ad728fb4-7dff-4348-8fe8-671f3a3e5052
9842442b-e1cf-4275-86b7-8761cfd60a9c,0179b02f-2d39-4af1-8eb4-1988a9a0cd06
9842442b-e1cf-4275-86b7-8761cfd60a9c,4df6f19e-5c9c-4f19-b136-2909d5ac0bfc
9842442b-e1cf-4275-86b7-8761cfd60a9c,dfacef7d-717a-46b5-98e9-2dc6e71e9429
f52bd87d-df13-473c-a190-23913fd127be,9b4978c8-5cea-4cb0-8e48-847e15e89e00
f52bd87d-df13-473c-a190-23913fd127be,2e3bace4-719a-43d2-8f16-11a1650ababc
f52bd87d-df13-473c-a190-23913fd127be,52ecaaef-9560-47bd-909f-89075cfcd012
f52bd87d-df13-473c-a190-23913fd127be,4e9947b7-0d4b-4796-a2fa-40c9eeed21ce
f52bd87d-df13-473c-a190-23913fd127be,5ce488fa-00b5-4d08-bb50-ee77ae9ac392
f52bd87d-df13-473c-a190-23913fd127be,48822a38-9429-45f6-9479-13ac30a0c43d
f52bd87d-df13-473c-a190-23913fd127be,901bbc93-0238-4f85-b078-1021316d7c35
f52bd87d-df13-473c-a190-23913fd127be,8e6545a0-9a24-418e-b398-9e254c5d3a90
f52bd87d-df13-473c-a190-23913fd127be,28101860-ab9e-46e9-9d84-94aad9519728
f52bd87d-df13-473c-a190-23913fd127be,225d3b40-465f-469a-9b6a-f24f6ffd5597
f52bd87d-df13-473c-a190-23913fd127be,9d7b4971-de15-490d-b0db-39841db404c1
a1c2e741-4716-4a35-bdf1-9b9f9ccbacbd,a951dc80-9235-4e40-a977-ddfad2c5d000
a1c2e741-4716-4a35-bdf1-9b9f9ccbacbd,62a75291-3179-4123-b588-729561634242
a1c2e741-4716-4a35-bdf1-9b9f9ccbacbd,689c5531-5219-438f-ae3c-58a3d2d57d11
a1c2e741-4716-4a35-bdf1-9b9f9ccbacbd,cbd61003-d75c-4f69-8316-507e1385bf0e
a1c2e741-4716-4a35-bdf1-9b9f9ccbacbd,0a42b1a4-38de-43ed-a945-32aa9a3325ad
a1c2e741-4716-4a35-bdf1-9b9f9ccbacbd,a0ca9e89-648a-44b0-8737-67b1bd813114
a1c2e741-4716-4a35-bdf1-9b9f9ccbacbd,77467f64-cee3-4f9f-a57a-7bce4ca77430
a1c2e741-4716-4a35-bdf1-9b9f9ccbacbd,cd33806f-49c2-450c-90c3-0b228176a37c
a1c2e741-4716-4a35-bdf1-9b9f9ccbacbd,436f08da-ac62-4074-8ea7-674645a7b4d7
a1c2e741-4716-4a35-bdf1-9b9f9ccbacbd,526f79d3-5292-4106-a006-bb1409b57ff7
a1c2e741-4716-4a35-bdf1-9b9f9ccbacbd,4ff6f3ac-4725-4535-8ef5-2a27720fc9be
039eab82-7a57-49a6-ba3c-07e438ba7105,af134083-562f-4b87-9323-3a3d4923fb45
039eab82-7a57-49a6-ba3c-07e438ba7105,69264a47-acb0-45ad-9909-bd3ea14e8e86
039eab82-7a57-49a6-ba3c-07e438ba7105,014c7837-275f-47b4-9606-c2d00e7aa2d2
039eab82-7a57-49a6-ba3c-07e438ba7105,56dbc739-44bf-472a-913d-ecadb7a6a2ee
039eab82-7a57-49a6-ba3c-07e438ba7105,b565e42f-08ed-4b46-b1bb-de1d357f1b08
039eab82-7a57-49a6-ba3c-07e438ba7105,0119fa1c-2b4c-4f99-8d70-f4b61558db93
039eab82-7a57-49a6-ba3c-07e438ba7105,4d830162-5a56-47dc-9611-996b692971d1
039eab82-7a57-49a6-ba3c-07e438ba7105,e2bf84fd-32fc-43a2-a9b4-cd55dc462c0a
039eab82-7a57-49a6-ba3c-07e438ba7105,505e4cc5-b626-4d0c-8998-8d078a1cc001
039eab82-7a57-49a6-ba3c-07e438ba7105,eb971326-4e56-4fed-937b-4a79131c48a0
039eab82-7a57-49a6-ba3c-07e438ba7105,4a348a67-9d4e-4c06-b411-34dc2b90f8ff
039eab82-7a57-49a6-ba3c-07e438ba7105,2befa027-ba44-4a69-a08c-aa715f3b07a0
039eab82-7a57-49a6-ba3c-07e438ba7105,88f2a385-02c7-456f-a867-3bf68cce0ca1
84f0bb09-5d13-4675-8195-7c5e2f91a3c3,01ceb77b-0137-4917-98c3-a4af7e1984ed
84f0bb09-5d13-4675-8195-7c5e2f91a3c3,9fff2802-ffed-4cbc-9568-0d3b0099a167
84f0bb09-5d13-4675-8195-7c5e2f91a3c3,119183e5-a728-40e5-85be-5c0734467d51
84f0bb09-5d13-4675-8195-7c5e2f91a3c3,5116517b-cfe8-44c6-a2b0-10a4221c5119
84f0bb09-5d13-4675-8195-7c5e2f91a3c3,4cd707e2-7693-4fe6-80f3-a6a6ffbace5f
84f0bb09-5d13-4675-8195-7c5e2f91a3c3,561c5e77-96c7-4c4d-a6e7-229c1bb8d276
84f0bb09-5d13-4675-8195-7c5e2f91a3c3,8e7260ef-b80c-4ef4-aafb-d86300822193
84f0bb09-5d13-4675-8195-7c5e2f91a3c3,136b5844-fc8e-407b-9d9f-68381c1b6dc9
84f0bb09-5d13-4675-8195-7c5e2f91a3c3,0832911d-374d-4b34-8703-d089f276b867
84f0bb09-5d13-4675-8195-7c5e2f91a3c3,f304b9a8-16c9-4e4c-b8e7-fa9dfae7c7d3
84f0bb09-5d13-4675-8195-7c5e2f91a3c3,9d79d630-6991-4eee-aa57-4b9a5629d6ce
84f0bb09-5d13-4675-8195-7c5e2f91a3c3,b11ffb91-0790-4946-8aab-0b75c6751d81
e7b4eeb8-c721-4345-9d0d-5216d1bb53fa,058aaf87-102a-48e6-9921-27e9eee55096
e7b4eeb8-c721-4345-9d0d-5216d1bb53fa,35bc599f-03b5-40bf-9bf1-2a2dc372f7d7
e7b4eeb8-c721-4345-9d0d-5216d1bb53fa,ed07f335-da34-4e34-993d-c300723b410c
e7b4eeb8-c721-4345-9d0d-5216d1bb53fa,7e1451e8-8558-435b-a21a-530abfdccfe7
e7b4eeb8-c721-4345-9d0d-5216d1bb53fa,e379d143-dfd9-4829-93ca-a341b3a9788f
e7b4eeb8-c721-4345-9d0d-5216d1bb53fa,9038fbe4-9e56-40ad-8c28-eecf93a75899
e7b4eeb8-c721-4345-9d0d-5216d1bb53fa,2e36b0cf-b198-41aa-8129-8b3f97b94e96
e7b4eeb8-c721-4345-9d0d-5216d1bb53fa,67c1a057-5403-4814-95fe-cc187d4dceec
e7b4eeb8-c721-4345-9d0d-5216d1bb53fa,0b075093-5a30-424f-a6bf-621537a2ad15
e7b4eeb8-c721-4345-9d0d-5216d1bb53fa,582a75e5-bdaf-4405-99d1-e4ea26d7a6af
e7b4eeb8-c721-4345-9d0d-5216d1bb53fa,f31a83e6-af7e-4bba-b20c-5e794c22a006
e7b4eeb8-c721-4345-9d0d-5216d1bb53fa,9e7796ad-d84c-483b-a3b5-ebcc79ae8cc3
e7b4eeb8-c721-4345-9d0d-5216d1bb53fa,c31f1faf-10cc-4271-a161-07280ba996f1
e7b4eeb8-c721-4345-9d0d-5216d1bb53fa,b59a8b8c-242c-4113-9147-ccedc339413f
e7b4eeb8-c721-4345-9d0d-5216d1bb53fa,d2c2ad5b-98e3-4b60-9b49-515c2db458a3
e7b4eeb8-c721-4345-9d0d-5216d1bb53fa,4aea53a1-a2f4-4c4d-8970-32fd6189148c
e7b4eeb8-c721-4345-9d0d-5216d1bb53fa,4f44ce40-79a0-4b6f-9623-234e9e0fc042
e7b4eeb8-c721-4345-9d0d-5216d1bb53fa,1369b844-fcdf-4319-a9b5-8c99531528c7
e7b4eeb8-c721-4345-9d0d-5216d1bb53fa,42c9ef18-7478-457c-8a6f-f1551f6d9c66
e7b4eeb8-c721-4345-9d0d-5216d1bb53fa,c18c3d21-b011-491e-b623-0966fa32a70f
e7b4eeb8-c721-4345-9d0d-5216d1bb53fa,985eb62d-3d60-4049-9db6-112ff09653f9
e7b4eeb8-c721-4345-9d0d-5216d1bb53fa,420f225a-9f08-43a2-a633-e93b4621a95b
e7b4eeb8-c721-4345-9d0d-5216d1bb53fa,fe449a16-6e38-4a63-a450-7c30fe56dfa9
e7b4eeb8-c721-4345-9d0d-5216d1bb53fa,a7c8e879-0528-45bf-a3d1-f356aecf2979
0a1e5db4-4866-4890-8a7e-9f9af7fe55e4,b56ab675-8252-436a-83b2-9c805c1e0866
0a1e5db4-4866-4890-8a7e-9f9af7fe55e4,341b90cc-6e92-4b52-95bf-d0d78e230daf
0a1e5db4-4866-4890-8a7e-9f9af7fe55e4,19652ba2-a878-4229-97d5-6d754be82398
0a1e5db4-4866-4890-8a7e-9f9af7fe55e4,2405bac1-6f3b-4ce3-97ef-7bb45f37f4c9
0a1e5db4-4866-4890-8a7e-9f9af7fe55e4,ef145309-aa9b-43c0-af61-cdd4351cbd21
0a1e5db4-4866-4890-8a7e-9f9af7fe55e4,da3182dc-3ba1-434e-b53d-40e496c6aebe
0a1e5db4-4866-4890-8a7e-9f9af7fe55e4,0a6fe3b7-9341-4788-9e5b-a9eb540cdaa9
0a1e5db4-4866-4890-8a7e-9f9af7fe55e4,7c48e090-1208-48cd-ad6f-f5f15c168201
0a1e5db4-4866-4890-8a7e-9f9af7fe55e4,c4b9aec3-2f16-4c10-9b10-4feae2b3711d
0a1e5db4-4866-4890-8a7e-9f9af7fe55e4,c95e183f-4994-41d1-b4df-411b7e529ec3
0a1e5db4-4866-4890-8a7e-9f9af7fe55e4,5259c7e5-bb9f-4e31-a2fd-1c57bdd79087
0a1e5db4-4866-4890-8a7e-9f9af7fe55e4,39ee0a3d-754f-48be-8186-fdc7344f682e
0a1e5db4-4866-4890-8a7e-9f9af7fe55e4,f1b5c27c-c20d-4fa5-95d4-38527c91310f
0a1e5db4-4866-4890-8a7e-9f9af7fe55e4,8bb0d6b7-977a-448d-bc38-2b0660c4a68e
0a1e5db4-4866-4890-8a7e-9f9af7fe55e4,17b51d1a-e4f1-4fcf-8ba5-276ed3cf80e2
d9bf08a0-311c-4ab7-8eb2-1ff3c50ef532,b536cb61-1073-4745-8cf9-c4f084e0f658
d9bf08a0-311c-4ab7-8eb2-1ff3c50ef532,549ab79c-31f4-4cd6-aa81-33e7d5fa5828
d9bf08a0-311c-4ab7-8eb2-1ff3c50ef532,7ad0cdff-5fa5-4451-b1b7-2de8057051b5
d9bf08a0-311c-4ab7-8eb2-1ff3c50ef532,abfcb267-f1ea-406a-9fe8-92d2fe2eb62a
d9bf08a0-311c-4ab7-8eb2-1ff3c50ef532,0ea0b3ed-7619-450a-9729-e5c00c8fb74a
d9bf08a0-311c-4ab7-8eb2-1ff3c50ef532,683c6f83-3aa4-460d-87b0-632e237f82de
d9bf08a0-311c-4ab7-8eb2-1ff3c50ef532,f0e004f2-0e6d-4b07-9737-fcb460aabc56
d9bf08a0-311c-4ab7-8eb2-1ff3c50ef532,ba56b29d-3ca3-45bf-9482-99ad91d04e54
d9bf08a0-311c-4ab7-8eb2-1ff3c50ef532,62d12ed7-296d-4e27-a4c4-2e1dc3640fde
d9bf08a0-311c-4ab7-8eb2-1ff3c50ef532,31b87a61-968f-49f9-8c8a-2394e754dc03
d9bf08a0-311c-4ab7-8eb2-1ff3c50ef532,20d13014-1726-4152-b93c-09f82c417afa
d9bf08a0-311c-4ab7-8eb2-1ff3c50ef532,7743163c-976d-4ee2-8a3e-a63fe77d8342
d9bf08a0-311c-4ab7-8eb2-1ff3c50ef532,247d7902-ffd2-4972-8347-d2f81bbf01bc
f1867289-7abc-4ecc-a107-8454d72960e0,7ff4b9a9-1e3e-49c2-be1b-aeb25724dc57
f1867289-7abc-4ecc-a107-8454d72960e0,e4fc69ad-a339-45a0-916e-2b9a850483a3
f1867289-7abc-4ecc-a107-8454d72960e0,da32c33d-031c-476a-a0b2-dd6bee36b3c8
f1867289-7abc-4ecc-a107-8454d72960e0,23f71a2f-3288-40fd-908f-17a52bd4d46d
f1867289-7abc-4ecc-a107-8454d72960e0,cff64c7c-0eee-45cd-afa1-d21684c35086
f1867289-7abc-4ecc-a107-8454d72960e0,d3e8d7b7-9ff5-44e3-a8ef-025609f9eeb7
f1867289-7abc-4ecc-a107-8454d72960e0,6b46fcee-afae-4d93-b0a5-8ee2e00f5c64
8b3d1a22-a961-46a4-96e6-6172c69db4fd,0d192da5-d27b-41a8-ae87-c9af2c7126e8
8b3d1a22-a961-46a4-96e6-6172c69db4fd,0f52a54a-f90b-447d-b74d-bcfd813eebd1
8b3d1a22-a961-46a4-96e6-6172c69db4fd,0040e77e-9e29-4cba-ac2b-3f3e5abe7558
8b3d1a22-a961-46a4-96e6-6172c69db4fd,b193d61d-8ad5-48fa-8c3e-da53c45b2c42
8b3d1a22-a961-46a4-96e6-6172c69db4fd,10afe505-82c0-4564-b83c-2057e6909340
8b3d1a22-a961-46a4-96e6-6172c69db4fd,5bc31273-ca9f-446b-86de-30988c207ffa
ee992b9f-ac87-442a-a5a4-4df48f12db60,84f8c7c8-acb3-4a59-ab6c-8c3b94113b61
ee992b9f-ac87-442a-a5a4-4df48f12db60,d60f386f-588b-4d8c-9daa-90f1c3bb1baa
ee992b9f-ac87-442a-a5a4-4df48f12db60,627be12c-f1e0-4eb5-886a-62742d066757
ee992b9f-ac87-442a-a5a4-4df48f12db60,1f8c30fe-7c18-447a-a8d0-fe1bd5ff6a1d
ee992b9f-ac87-442a-a5a4-4df48f12db60,f2d5c64b-186f-44b7-aacf-ad6e7f21cc04
ee992b9f-ac87-442a-a5a4-4df48f12db60,39eccd38-f5f1-49be-bc20-672acbb5f119
ee992b9f-ac87-442a-a5a4-4df48f12db60,cf6f9569-4cab-4404-85b6-76587bc3277b
ee992b9f-ac87-442a-a5a4-4df48f12db60,1787a940-7d58-4414-81cf-a6ce3a561018
ac1ee875-881d-473b-9ae0-ad81580d404d,8f4c76db-c6be-4e18-80e4-8edd0a33afcb
ac1ee875-881d-473b-9ae0-ad81580d404d,ccb6f855-46d9-4675-9dbf-a46cd90692d4
ac1ee875-881d-473b-9ae0-ad81580d404d,ae2e269b-5bf4-4040-8fde-349dfba4415d
ac1ee875-881d-473b-9ae0-ad81580d404d,ac761249-0cc4-4277-bc3f-a1ab85f6c620
ac1ee875-881d-473b-9ae0-ad81580d404d,712bcbc6-a6bf-48a7-8b6d-02b73d831bea
ac1ee875-881d-473b-9ae0-ad81580d404d,541f0034-d682-4b07-87b9-6e5fc151a125
ac1ee875-881d-473b-9ae0-ad81580d404d,43ed0a07-8d66-4d0c-8bc0-ceca0a45506e
ac1ee875-881d-473b-9ae0-ad81580d404d,b4bc004b-d946-47d7-b7e7-bc0e0183ef8a
2eaf71e4-7db1-43f6-b96b-4f46d8af3d6f,6f938b0c-5861-4c57-a10d-7659906e5cc5
2eaf71e4-7db1-43f6-b96b-4f46d8af3d6f,5c80d1ad-c3f5-4da4-8e9f-bb7c1ea309fc
2eaf71e4-7db1-43f6-b96b-4f46d8af3d6f,8306c312-012e-4533-aef1-9afcdfa927ed
2eaf71e4-7db1-43f6-b96b-4f46d8af3d6f,946cfd8b-c115-435f-a6ba-0dc259ae468a
2eaf71e4-7db1-43f6-b96b-4f46d8af3d6f,4067cb24-1015-4aaf-b34c-60bf12a5ad82
2eaf71e4-7db1-43f6-b96b-4f46d8af3d6f,118c3105-2652-4419-bce1-c113dc2a5e9a
2eaf71e4-7db1-43f6-b96b-4f46d8af3d6f,50bc9fb4-f3ee-42cc-971f-e8b897b7118a
2eaf71e4-7db1-43f6-b96b-4f46d8af3d6f,4465a927-7c4d-4137-80a2-fd0bd98c646e
2eaf71e4-7db1-43f6-b96b-4f46d8af3d6f,642582d3-8d26-40bc-a3c5-7432a2338805
2eaf71e4-7db1-43f6-b96b-4f46d8af3d6f,f7a1530d-fb42-493a-94ee-601c7baf4030
2eaf71e4-7db1-43f6-b96b-4f46d8af3d6f,ab1c44e4-2360-4391-8aa9-e58dac383856
2eaf71e4-7db1-43f6-b96b-4f46d8af3d6f,2585b33a-49a0-4dbf-b2da-543b1faa243d
43aa0932-0578-4b93-aefa-1ade60e0016f,abc956a9-7807-4c28-b15c-a9477ec89591
43aa0932-0578-4b93-aefa-1ade60e0016f,86ccf919-ca00-4363-aa57-b06b16a9f796
43aa0932-0578-4b93-aefa-1ade60e0016f,bc32a16e-8ab2-4e89-a0ca-9fe21fdb4687
43aa0932-0578-4b93-aefa-1ade60e0016f,9790bbb6-81ac-46ff-ac3a-37721d0f8f35
43aa0932-0578-4b93-aefa-1ade60e0016f,e42f57fc-b7c7-42c0-a7a9-196167055c9b
43aa0932-0578-4b93-aefa-1ade60e0016f,4b2d884c-124f-4df3-91f4-8f78a4311505
43aa0932-0578-4b93-aefa-1ade60e0016f,1b3ef046-1da0-4cd0-b5d4-db331b0f4921
43aa0932-0578-4b93-aefa-1ade60e0016f,06229482-f847-43c0-a795-8e44014b2852
43aa0932-0578-4b93-aefa-1ade60e0016f,70ae8345-345d-4414-94ad-d671dfe0634d
2db4c15d-35c6-4bfe-8eb9-8a2b8366d88a,5ced2cbf-b477-4185-a633-5d050083ba15
2db4c15d-35c6-4bfe-8eb9-8a2b8366d88a,f1df0dbc-2dc2-42fb-b8f9-c55614654ee7
2db4c15d-35c6-4bfe-8eb9-8a2b8366d88a,6f58451f-6bef-43fb-852d-86de8f9467ea
2db4c15d-35c6-4bfe-8eb9-8a2b8366d88a,88cf3abd-e9cc-4e78-b203-b33bdfc26a37
2db4c15d-35c6-4bfe-8eb9-8a2b8366d88a,9ff307da-676c-4444-8c17-892941de59c2
2db4c15d-35c6-4bfe-8eb9-8a2b8366d88a,c1bf989d-91ee-4bf8-8cde-d91cefda9e35
2db4c15d-35c6-4bfe-8eb9-8a2b8366d88a,d8600ace-abe1-4327-9588-ccdc0196405c
2db4c15d-35c6-4bfe-8eb9-8a2b8366d88a,11037f21-bc78-4bf8-95f6-359caff41bca
2db4c15d-35c6-4bfe-8eb9-8a2b8366d88a,bbb43240-23b1-4059-a094-21a69c073de2
2db4c15d-35c6-4bfe-8eb9-8a2b8366d88a,5f9d8fe4-5f28-4f34-90cc-8bd46cf98da6
2db4c15d-35c6-4bfe-8eb9-8a2b8366d88a,66f07519-7e8d-4a64-9d3a-603952e599be
2db4c15d-35c6-4bfe-8eb9-8a2b8366d88a,07afee22-87ad-418f-8b87-47a87d3390fb
2db4c15d-35c6-4bfe-8eb9-8a2b8366d88a,a7f9ccd2-69d3-42b5-8510-c0b10b9a611e
2db4c15d-35c6-4bfe-8eb9-8a2b8366d88a,ca450a79-e8e0-48ce-a22e-f213c751f798
2db4c15d-35c6-4bfe-8eb9-8a2b8366d88a,549a18a4-2798-4eba-9cb8-fa7e8aa27f90
fa77ee0c-2dcc-4353-84a1-7869acc57100,b1413c4e-7944-4d9d-b871-c520ff80f2d1
fa77ee0c-2dcc-4353-84a1-7869acc57100,b554ceb6-0f15-49dc-9d4a-9b68e13bd06f
fa77ee0c-2dcc-4353-84a1-7869acc57100,f7151a4c-1a8b-4d29-a220-c711aab0ecac
fa77ee0c-2dcc-4353-84a1-7869acc57100,66fad1fe-ac12-4bc9-917e-d58054f2e3f7
fa77ee0c-2dcc-4353-84a1-7869acc57100,27c22570-ad4f-46d2-b3a9-75adc0566690
fa77ee0c-2dcc-4353-84a1-7869acc57100,9a3a8abc-5cec-4e3f-87ec-550a65b8003e
fa77ee0c-2dcc-4353-84a1-7869acc57100,8546c28d-c853-4ebc-8f0b-9fb615de7eb3
fa77ee0c-2dcc-4353-84a1-7869acc57100,19767e0d-bc92-4643-b90e-5cb0ea22c84b
fa77ee0c-2dcc-4353-84a1-7869acc57100,9f1835f3-a646-40d3-a4dd-d6bb2c068806
fa77ee0c-2dcc-4353-84a1-7869acc57100,50ba7c8b-20a2-4104-ae4e-1be962af8f4b
fa77ee0c-2dcc-4353-84a1-7869acc57100,c9b87eff-35ee-4d33-8aec-c86520fc7aa2
fa77ee0c-2dcc-4353-84a1-7869acc57100,64b834ca-6447-437e-b67b-899983bfe4ab
04895411-4e01-4190-b870-147aed0ffbc7,046b8159-c8bd-4846-b23a-49dc746a9e55
04895411-4e01-4190-b870-147aed0ffbc7,5375fdcf-c209-4c69-8c53-63f4d7a7397b
04895411-4e01-4190-b870-147aed0ffbc7,4bad4d8e-a2c1-4e65-a4f9-260a257fc0a1
04895411-4e01-4190-b870-147aed0ffbc7,5805b094-2851-40af-ba92-3f12c2ec631b
04895411-4e01-4190-b870-147aed0ffbc7,84bf97ef-d292-437e-89b8-b534295968b6
04895411-4e01-4190-b870-147aed0ffbc7,5e440487-b96d-42d2-81e3-c24dade87ee0
04895411-4e01-4190-b870-147aed0ffbc7,df03e0ed-a7bf-43ef-a2d8-b651be8e4797
04895411-4e01-4190-b870-147aed0ffbc7,67c70035-2c0f-43f9-b2a2-07e5d5ec67da
04895411-4e01-4190-b870-147aed0ffbc7,7a1db9c7-59d4-4533-a763-d45e48e2182e
2a63459b-a2c0-4fb4-8e06-5a29061904e1,8f02f9f6-4c67-46c0-aa8c-25242d30b2a0
2a63459b-a2c0-4fb4-8e06-5a29061904e1,c3d06c32-77e2-421b-bf9f-922563421c82
2a63459b-a2c0-4fb4-8e06-5a29061904e1,b75f35c4-1263-49ca-9c51-3d7ecf2ff1ae
2a63459b-a2c0-4fb4-8e06-5a29061904e1,9638a17a-8481-440c-b4c6-b7d89243895c
2a63459b-a2c0-4fb4-8e06-5a29061904e1,52cc7931-4953-455d-b75d-dee276907575
2a63459b-a2c0-4fb4-8e06-5a29061904e1,dc549d86-3920-45df-8bd8-88082423b0d7
2a63459b-a2c0-4fb4-8e06-5a29061904e1,8e8553d3-e866-42ab-8c0a-ba6f30e0bb90
2a63459b-a2c0-4fb4-8e06-5a29061904e1,a06d474a-b104-4d48-8746-03113e60f045
2a63459b-a2c0-4fb4-8e06-5a29061904e1,c3e47fd4-f14d-47ef-ac35-11ddff03d67b
2a63459b-a2c0-4fb4-8e06-5a29061904e1,ef959f11-d4cd-4cfd-b615-2d3e014e3477
2a63459b-a2c0-4fb4-8e06-5a29061904e1,5295d622-bf78-4bdc-84b6-a8f0accbf5dc
abce43e4-aa99-4e86-bfca-d8581179874c,8a6054c7-f706-49a4-9f1c-6bbd43d83d0e
abce43e4-aa99-4e86-bfca-d8581179874c,903d0de4-855a-4445-9a21-567b0c65cba1
abce43e4-aa99-4e86-bfca-d8581179874c,c039a460-dd1d-45fb-bff7-f0382afc8ecf
abce43e4-aa99-4e86-bfca-d8581179874c,f577281c-4687-49cf-9725-e00cf0d88f5a
abce43e4-aa99-4e86-bfca-d8581179874c,e3ca8350-c72d-4fbb-b1e7-646003e51c5f
abce43e4-aa99-4e86-bfca-d8581179874c,1ddb05e8-e699-45a2-a1bd-3c7235ac4d24
abce43e4-aa99-4e86-bfca-d8581179874c,75136175-7049-4d66-b121-75f284bb5133
abce43e4-aa99-4e86-bfca-d8581179874c,57101dc0-dceb-46aa-8bb7-38a102100f6d
abce43e4-aa99-4e86-bfca-d8581179874c,e1f1b6bc-5ae2-444e-94e2-583d0fdcacff
abce43e4-aa99-4e86-bfca-d8581179874c,4196f544-f17a-44da-9648-5996a244042a
acb57db1-1566-4082-a9b0-9f3ce4a22035,59cb978a-ba38-4608-b969-652a340d3c3e
acb57db1-1566-4082-a9b0-9f3ce4a22035,16d6f131-fb1b-4124-899c-8c6ffcd91f78
acb57db1-1566-4082-a9b0-9f3ce4a22035,29b97366-54c7-4dd3-94f7-db60c2cabe38
acb57db1-1566-4082-a9b0-9f3ce4a22035,fad4dc91-090e-4a26-8429-76ab972ed326
acb57db1-1566-4082-a9b0-9f3ce4a22035,4990504d-2ecd-4cd8-a611-005996d2b7ee
acb57db1-1566-4082-a9b0-9f3ce4a22035,c911c30a-aff8-4330-b8c2-101035734a1e
acb57db1-1566-4082-a9b0-9f3ce4a22035,56819142-38a4-4f19-9522-a83a2edc979b
acb57db1-1566-4082-a9b0-9f3ce4a22035,3609a4cc-480b-482e-9f3a-a8ebf6384ee5
acb57db1-1566-4082-a9b0-9f3ce4a22035,88f3092e-4227-47f6-9a93-c5a83e5493a2
acb57db1-1566-4082-a9b0-9f3ce4a22035,d38a3c6a-c0c6-45dd-9141-a0c0ed1a746f
acb57db1-1566-4082-a9b0-9f3ce4a22035,94b2c5ba-9e64-4da4-8c90-6678efd3ee16
acb57db1-1566-4082-a9b0-9f3ce4a22035,d245f16c-96e2-4c99-baf4-27adfb34c690
acb57db1-1566-4082-a9b0-9f3ce4a22035,a6a8392f-0813-4488-8a54-8d95e3fa67de
acb57db1-1566-4082-a9b0-9f3ce4a22035,11cdbb34-d365-4107-91f7-6d80952e9e70
acb57db1-1566-4082-a9b0-9f3ce4a22035,688d6fff-0f2e-41b9-8e1d-c7aba8e18b9d
acb57db1-1566-4082-a9b0-9f3ce4a22035,c4b198e2-34f2-4899-8659-da1becef1150
acb57db1-1566-4082-a9b0-9f3ce4a22035,6bc2ab3e-4dfe-4fce-8915-fd6d8eb10cf3
5b283e60-7a80-418e-8841-959f6bd267ac,64d5b2eb-1adb-489b-b3e6-66f09d8237d2
5b283e60-7a80-418e-8841-959f6bd267ac,b49ff168-a643-41ac-a809-d8a8049c19cb
5b283e60-7a80-418e-8841-959f6bd267ac,7c4da654-c7a7-4688-bd2d-6700286313b4
5b283e60-7a80-418e-8841-959f6bd267ac,ed93eca5-d9dd-435f-b03c-ef140dba52ef
5b283e60-7a80-418e-8841-959f6bd267ac,b408d5ed-5576-46c4-93ac-b1898799deb9
5b283e60-7a80-418e-8841-959f6bd267ac,77c3cfa4-50b8-4a41-947c-fc258141166a
5b283e60-7a80-418e-8841-959f6bd267ac,f977b65a-cb1f-49fa-adff-da73430201ee
5b283e60-7a80-418e-8841-959f6bd267ac,fc4ef11c-b46a-40bc-b179-043c7fbdc395
5b283e60-7a80-418e-8841-959f6bd267ac,e37e825c-31ca-4fc8-9051-7798757eb094
5b283e60-7a80-418e-8841-959f6bd267ac,cceafd95-0ffc-40a2-b300-8f6858656d2d
5b283e60-7a80-418e-8841-959f6bd267ac,76d759e2-8dae-4284-be60-def3a0cc5d18
5b283e60-7a80-418e-8841-959f6bd267ac,e8f0c6c3-1fcb-446e-a3ac-c775b8c6ebe8
29c20551-d429-42a2-9b33-a7d373354bda,616a4afd-acf4-4d87-a8bc-37d9ce100285
29c20551-d429-42a2-9b33-a7d373354bda,cbda45f0-8363-4d4f-8743-b6e833e5060b
29c20551-d429-42a2-9b33-a7d373354bda,7cbc9132-e58c-43cc-9511-fdb911c03ccd
29c20551-d429-42a2-9b33-a7d373354bda,9a4da089-e30e-44ee-bacb-330718df0b40
29c20551-d429-42a2-9b33-a7d373354bda,8a6450c4-4a9e-44d2-9009-0481683c62f5
29c20551-d429-42a2-9b33-a7d373354bda,2d622f50-0b71-4020-8a3a-d019798a5a46
29c20551-d429-42a2-9b33-a7d373354bda,53251344-e204-45ca-bdae-921f06fb5984
29c20551-d429-42a2-9b33-a7d373354bda,54c9f494-5c06-47e6-a58b-a2d7170cdf3e
29c20551-d429-42a2-9b33-a7d373354bda,5b7c0abc-1d87-4721-8422-c91ce40424a6
29c20551-d429-42a2-9b33-a7d373354bda,57533026-4f39-40eb-8a68-71d3181ba9a5
29c20551-d429-42a2-9b33-a7d373354bda,efaf73fb-46f7-4ee4-aba5-0fce555ad6aa
29c20551-d429-42a2-9b33-a7d373354bda,27354f95-0cba-407a-bcf7-fa654c7d8133
29c20551-d429-42a2-9b33-a7d373354bda,5faf6566-37e4-4b43-91fd-570ae16e0b8c
29c20551-d429-42a2-9b33-a7d373354bda,a3507df8-b1af-4b8b-babc-c8720f0b9395
29c20551-d429-42a2-9b33-a7d373354bda,a6d23341-3925-4185-9db5-14e3df1e905f
29c20551-d429-42a2-9b33-a7d373354bda,2d946825-0f6f-43e4-bd4d-1a01b62dd569
29c20551-d429-42a2-9b33-a7d373354bda,affcee75-60b6-44bc-a320-35abd2e1928d
29c20551-d429-42a2-9b33-a7d373354bda,4ee61e26-e4cc-46fb-8b9c-1ba67bd49453
37826f3d-97da-4d1b-bee2-7b7ee64ddc34,b79ab55a-944c-448f-beaf-c3682520ce0f
37826f3d-97da-4d1b-bee2-7b7ee64ddc34,2649c368-3ccc-4378-8981-c3eea6c5afe7
37826f3d-97da-4d1b-bee2-7b7ee64ddc34,24b9d852-1c04-4b2b-b1fa-d5f55b7843a0
37826f3d-97da-4d1b-bee2-7b7ee64ddc34,b838d7d2-f883-43eb-a14b-112cb2ea5b2f
37826f3d-97da-4d1b-bee2-7b7ee64ddc34,e7fde12d-b752-4d32-831b-27a68bceb61e
37826f3d-97da-4d1b-bee2-7b7ee64ddc34,1407dc41-60ff-4054-b342-cbe0bb520222
37826f3d-97da-4d1b-bee2-7b7ee64ddc34,87417507-8c5c-4cc4-a8f8-6c25483a2ff2
37826f3d-97da-4d1b-bee2-7b7ee64ddc34,71070e65-4896-418f-b013-8bb256a8fbd1
37826f3d-97da-4d1b-bee2-7b7ee64ddc34,5a58d4de-1ea8-46bc-8f34-eb7ed4c7a225
37826f3d-97da-4d1b-bee2-7b7ee64ddc34,094a97d2-7b11-4e38-b46c-a46cd96d8f6c
37826f3d-97da-4d1b-bee2-7b7ee64ddc34,bffee9c3-c7d1-4cbf-8858-db15c718077a
37826f3d-97da-4d1b-bee2-7b7ee64ddc34,2dc27d17-140b-4843-89fb-eaaaa515109b
37826f3d-97da-4d1b-bee2-7b7ee64ddc34,b60d2e2a-70f0-420f-a587-38098e588847
37826f3d-97da-4d1b-bee2-7b7ee64ddc34,7c4544f6-5127-4ef1-8a95-d21f072c3a62
37826f3d-97da-4d1b-bee2-7b7ee64ddc34,a52d1bdd-8a6a-4ba6-8adb-76fa21fa55a4
37826f3d-97da-4d1b-bee2-7b7ee64ddc34,4be8a1fc-3c82-422f-958b-99cae59ce9e8
37826f3d-97da-4d1b-bee2-7b7ee64ddc34,8ba8f839-f9b3-43bf-a870-657f8cc17aed
37826f3d-97da-4d1b-bee2-7b7ee64ddc34,48705a3f-d026-4bb8-84df-95a839e33e47
37826f3d-97da-4d1b-bee2-7b7ee64ddc34,61a0c8da-0375-492a-9ada-114b4ceb5694
37826f3d-97da-4d1b-bee2-7b7ee64ddc34,b291310b-456b-48a2-8b4e-429476e918b1
37826f3d-97da-4d1b-bee2-7b7ee64ddc34,6a678fcc-b08b-4354-a60e-c0881989cba5
37826f3d-97da-4d1b-bee2-7b7ee64ddc34,9de195fb-1952-4477-8c91-81efee40ec5b
0d209e94-c42c-46f5-930c-58ec059f6b1e,6b9acfe9-c7ec-40cc-8ab1-d0bf993cd07a
0d209e94-c42c-46f5-930c-58ec059f6b1e,5d6b76cf-f28a-4e4c-be42-63251219f1fd
0d209e94-c42c-46f5-930c-58ec059f6b1e,37cc224f-96f4-445d-aaca-3a5e667b5e88
0d209e94-c42c-46f5-930c-58ec059f6b1e,07a14eb3-9665-4767-809d-bca6bb6c8ee2
0d209e94-c42c-46f5-930c-58ec059f6b1e,9c42a39f-ce0c-4596-81b3-7bad25584283
0d209e94-c42c-46f5-930c-58ec059f6b1e,cb36deba-8b13-41e4-a925-c4b42ab79768
0d209e94-c42c-46f5-930c-58ec059f6b1e,bc4e8568-e57f-4073-b4c1-76cdf16c21c2
0d209e94-c42c-46f5-930c-58ec059f6b1e,a22241af-18e4-4211-8258-a5de72d0e6f8
0d209e94-c42c-46f5-930c-58ec059f6b1e,6ac9c965-b360-435b-aadc-d0af0eca0fe6
0d209e94-c42c-46f5-930c-58ec059f6b1e,f77413e5-48a2-4406-8cca-8fee9ff9d406
0d209e94-c42c-46f5-930c-58ec059f6b1e,69f7c575-1b83-4481-a73e-4d1915e425bf
0d209e94-c42c-46f5-930c-58ec059f6b1e,2d25a268-e3f4-47dc-90c6-34dec15c195a
0559ea1b-9f55-4014-a443-7e0410bc8975,e5c75db3-c9ac-4861-bee2-c03164fda8bd
0559ea1b-9f55-4014-a443-7e0410bc8975,403100e3-b305-4961-95ff-e6925cbc287d
0559ea1b-9f55-4014-a443-7e0410bc8975,65010d82-bbf6-422e-80b8-449385de2e7b
0559ea1b-9f55-4014-a443-7e0410bc8975,82bedf18-e150-4287-a796-a5a3af969ba9
0559ea1b-9f55-4014-a443-7e0410bc8975,cefd822f-f2e9-46d7-8991-8c9ab0fe87cb
0559ea1b-9f55-4014-a443-7e0410bc8975,aa3161c4-9990-414d-adf0-f3bfdd4646e2
0559ea1b-9f55-4014-a443-7e0410bc8975,81388360-36f4-42ec-befd-1fad69ca51e0
0559ea1b-9f55-4014-a443-7e0410bc8975,f31d7457-08cb-4bac-82dd-70afc276803f
0559ea1b-9f55-4014-a443-7e0410bc8975,dd7c81dd-097a-4f58-8051-df02a099ddd2
1aed3dce-14e1-4acb-9533-ffa9a9846b3f,175f4bf5-d767-4c6d-bfef-f34a7e105403
1aed3dce-14e1-4acb-9533-ffa9a9846b3f,e013122a-8f53-4dfe-a6c3-c96ab5225dda
1aed3dce-14e1-4acb-9533-ffa9a9846b3f,ab933c19-725b-490b-983b-a1046bcd9386
1aed3dce-14e1-4acb-9533-ffa9a9846b3f,15a08239-8337-490f-b63b-dbe0af10c15b
1aed3dce-14e1-4acb-9533-ffa9a9846b3f,6ef76741-00fa-4467-b33d-c573997318b0
1aed3dce-14e1-4acb-9533-ffa9a9846b3f,b65f595b-b24e-4c74-b764-8a1cea494f7d
1aed3dce-14e1-4acb-9533-ffa9a9846b3f,23779a88-5f2b-4c1a-8d4e-72560bee75a5
1aed3dce-14e1-4acb-9533-ffa9a9846b3f,b5fa235b-189c-463c-a589-af8584538a77
1aed3dce-14e1-4acb-9533-ffa9a9846b3f,974ba94f-e69d-4ccd-87b2-4eb1874bce9c
1aed3dce-14e1-4acb-9533-ffa9a9846b3f,48740478-7153-4322-8363-8ea854fba9f2
1aed3dce-14e1-4acb-9533-ffa9a9846b3f,4e990168-23cd-4427-8efb-8db1afc6fc1a
1aed3dce-14e1-4acb-9533-ffa9a9846b3f,24099b72-7f27-457a-acd8-1b5c9c502957
ba0dfac1-5553-4d0d-a30a-83f660ac22af,ff25a173-3e0e-4d11-a58b-fcfb40189e39
ba0dfac1-5553-4d0d-a30a-83f660ac22af,b14811b6-f133-40f7-9d0e-f0cc3816d1f4
ba0dfac1-5553-4d0d-a30a-83f660ac22af,555296cf-db87-4012-81a6-dadd0d2310ba
ba0dfac1-5553-4d0d-a30a-83f660ac22af,dea46175-6dd6-4281-b372-21ce6e8eb4d4
ba0dfac1-5553-4d0d-a30a-83f660ac22af,5aab3ba1-50bd-4490-afac-159dfa7d257b
ba0dfac1-5553-4d0d-a30a-83f660ac22af,fac54410-b751-4424-991a-b544bff1e2c8
ba0dfac1-5553-4d0d-a30a-83f660ac22af,648bcfee-d432-4877-bd5a-72d94decf148
ba0dfac1-5553-4d0d-a30a-83f660ac22af,dc12f6e1-fcdb-4c8a-bcdc-98ac1a6aa741
ba0dfac1-5553-4d0d-a30a-83f660ac22af,d2192e79-6b3b-4594-b3e2-f8b6973ffafa
ba0dfac1-5553-4d0d-a30a-83f660ac22af,3f0f52fe-4558-4654-8fb9-11673e09f74a
ba0dfac1-5553-4d0d-a30a-83f660ac22af,710c93a9-9586-4f43-8ba2-ab7aeb22a56f
ba0dfac1-5553-4d0d-a30a-83f660ac22af,5a07d8ee-b91d-4c6d-84e0-f7275b90214c
ba0dfac1-5553-4d0d-a30a-83f660ac22af,cdb8d600-35d2-410a-911a-49c089876522
ba0dfac1-5553-4d0d-a30a-83f660ac22af,55aec6ef-e775-45c0-9828-3de2c69d3060
ba0dfac1-5553-4d0d-a30a-83f660ac22af,562eb8b9-9029-4a79-a2b3-69bd6ecc6a47
ba0dfac1-5553-4d0d-a30a-83f660ac22af,8ecf4273-8dda-4097-b997-efc43042c8b8
ba0dfac1-5553-4d0d-a30a-83f660ac22af,c1cc9071-7430-414e-915a-1a0de745edb0
ba0dfac1-5553-4d0d-a30a-83f660ac22af,649dfae0-6ed0-4cf2-a06d-1cc8eb58e7a5
ba0dfac1-5553-4d0d-a30a-83f660ac22af,6e28a7e5-a03c-46eb-a578-50e3d6487320
ba0dfac1-5553-4d0d-a30a-83f660ac22af,71bced53-73d0-4c94-bde4-96a34a0c59ea
ba0dfac1-5553-4d0d-a30a-83f660ac22af,41f3e9fa-21cd-426b-aee6-3b84f8b4e9d0
9600cf72-a9e5-4ec9-9533-b1b49e661cb9,5b9d4eaa-0dab-4344-a9c9-e70041543f59
9600cf72-a9e5-4ec9-9533-b1b49e661cb9,60f4e489-ede4-48ff-bcbe-0a859a7b6d4c
9600cf72-a9e5-4ec9-9533-b1b49e661cb9,01e679a8-8e2c-457e-b372-1c44a00171b2
9600cf72-a9e5-4ec9-9533-b1b49e661cb9,42d130b3-5a4b-4b58-a334-621e158ac1bb
9600cf72-a9e5-4ec9-9533-b1b49e661cb9,ecde0687-5845-4363-8ec7-34ff5d7e7a28
9600cf72-a9e5-4ec9-9533-b1b49e661cb9,1c9bf2ee-93a3-4f64-a614-1449113cf8ef
9600cf72-a9e5-4ec9-9533-b1b49e661cb9,ccdbe74a-1257-46ab-aab4-02b87799996b
9600cf72-a9e5-4ec9-9533-b1b49e661cb9,fb6c928f-f35b-4839-8956-01a4fca961d1
9600cf72-a9e5-4ec9-9533-b1b49e661cb9,4230225e-227a-4ff6-928b-2de653dbe026
